GridPath_Fuel_Type,Min_Value,Max_Value,Size,Generator Catagory/Classification,Start,End,# Units,Unit-Years,NMC,NDC,Attempts,Actual,SH,RSH,# RSH,Pump Hr,SCH,AH,FOH,# FOH,POH,# POH,SEPO,# SEPO,MOH,# MOH,SEMO,# SEMO,UAH,PH,EFDH,ESDH,EFDHRS,EDOH,POF,MOF,ART,SR,NCF,NOF,SF,AF,EAF,FOR,EFOR,EFORd,SOF,FOF,UOF,EUOF,EUOR,WSF,WAF,WEAF,WFOR,WEFOR,WSOF,WFOF
,,,All Sizes,FOSSIL  All Fuel Types    All Sizes,2019,2023,"1,037","4,141.58",345,344,30.48,30.12,"4,269.82","2,292.46",13.93,0,0.45,"6,562.73",506.98,5.57,736.39,1.34,38.86,0.13,325.79,2.54,6.61,0.05,"1,614.64","8,177.37",173.97,47.35,41.4,221.32,9.48,4.06,141.76,98.82,37.23,66.42,52.22,80.25,77.16,10.61,14.13,10.85,13.55,6.2,10.26,12.62,20,56.05,79.82,76.78,9.34,12.89,14.41,5.78
,0,99,001-099,FOSSIL  All Fuel Types      001-099,2019,2023,209,826.75,52,52,33.56,33.42,"3,495.14","2,507.10",17.48,0,0,"6,002.24",633.79,4.76,563.45,1.09,31.11,0.07,271.91,1.58,0.9,0.01,"1,501.16","7,503.41",131.79,54.45,32.72,186.25,7.92,3.64,104.58,99.58,30.08,63.02,46.58,79.99,76.67,15.35,18.4,13.02,11.56,8.45,12.08,14.02,23.72,47.73,80.44,77.19,14.6,17.99,11.4,8.16
,100,200,100-199,FOSSIL  All Fuel Types      100-199,2019,2023,220,778.92,135,134,76.75,76.4,"3,446.20","2,960.30",18.82,0,0,"6,406.50",486.91,4.5,707.54,1.29,21.55,0.09,275.68,1.96,2.05,0.04,"1,493.72","7,900.23",155.64,42.86,48.63,198.49,9.23,3.52,45.11,99.54,26.22,59.18,43.62,81.09,78.13,12.38,16.14,10.21,12.74,6.16,9.68,11.87,21.94,44.3,80.77,77.8,12.4,16.15,12.96,6.27
,200,300,200-299,FOSSIL  All Fuel Types      200-299,2019,2023,117,472.58,231,230,15.36,15.04,"4,823.31","2,081.51",12.02,0,0,"6,904.82",378.66,5.6,702.57,1.41,20.2,0.11,349.06,3.27,14.28,0.11,"1,464.77","8,369.59",173.06,49.45,39.49,222.5,8.64,4.34,320.7,97.92,36.07,62.75,57.63,82.5,79.46,7.28,10.53,8.79,12.98,4.52,8.87,11.18,16.68,57.48,82.73,79.75,7.2,10.43,12.81,4.46
,300,400,300-399,FOSSIL  All Fuel Types      300-399,2019,2023,97,396.67,340,340,22.28,21.8,"3,910.19","2,737.73",18.99,0,0,"6,647.91",440.37,5.99,904.09,1.68,59.22,0.17,357.72,3.2,16.23,0.07,"1,777.63","8,425.55",196.02,47.77,49.38,243.79,11.43,4.44,179.37,97.85,25.41,55.17,46.41,78.9,75.82,10.12,14.46,10.93,15.87,5.23,9.66,12.28,21.61,46.05,78.84,75.84,10.17,14.45,15.94,5.21
,400,600,400-599,FOSSIL  All Fuel Types      400-599,2019,2023,189,799.83,482,481,15.58,15.15,"4,834.86","1,920.40",11.07,0,2.35,"6,757.62",506.74,6.65,791.2,1.52,66.99,0.19,352.1,3,3.3,0.04,"1,720.33","8,477.94",200.76,47.78,41.95,248.54,10.12,4.19,319.13,97.24,37.28,65.18,57.03,79.71,76.58,9.48,13.14,11.09,14.31,5.98,10.17,12.68,18.71,57.2,79.8,76.7,9.27,12.88,14.35,5.85
,600,800,600-799,FOSSIL  All Fuel Types      600-799,2019,2023,126,553.83,663,661,11.79,11.33,"5,229.92","1,569.58",7.06,0,0,"6,799.50",534.35,6.63,814.66,1.3,40.04,0.15,349.09,2.83,13.14,0.07,"1,751.29","8,550.78",206.05,43.25,44.48,249.29,10,4.24,461.6,96.1,44.41,72.22,61.16,79.52,76.31,9.27,12.75,11.21,14.23,6.25,10.49,13.17,18.23,61.5,79.48,76.28,9.23,12.68,14.27,6.26
,800,1000,800-999,FOSSIL  All Fuel Types      800-999,2019,2023,67,257,829,828,12.06,11.59,"4,838.54","2,224.34",9.07,0,0,"7,062.88",423.31,5.14,744.72,1.21,31.33,0.18,331.32,2.73,7.49,0.04,"1,538.16","8,601.04",165.87,31.97,35.02,197.84,9.02,3.94,417.48,96.1,38.4,67.87,56.26,82.12,79.78,8.04,11.12,9.33,12.96,4.92,8.86,11.09,16.92,56.57,82.27,79.95,7.84,10.88,12.92,4.81
,1000,100000,1000 Plus,FOSSIL  All Fuel Types    1000 Plus,2019,2023,13,56,"1,248","1,246",8.96,8.45,"4,863.34","1,236.10",5,0,0,"6,099.44",585.47,5.46,"1,193.33",1.25,28.58,0.2,764.41,3.59,0.47,0.02,"2,572.25","8,671.70",240.17,89.46,19.67,329.63,14.09,8.82,575.54,94.31,38.99,68.27,56.08,70.34,66.37,10.74,15.1,13.38,22.91,6.75,15.57,18.77,26.09,57.11,70.01,65.98,10.82,15.2,23.07,6.93
,,,All Sizes,FOSSIL  Coal Primary      All Sizes,2019,2023,636,"2,291.83",432,430,25.84,25.5,"5,171.87","1,376.87",5.93,0,0.82,"6,549.57",489.27,6.07,697.86,1.18,33.73,0.13,320.45,2.64,7.8,0.07,"1,549.11","8,098.68",170.72,51.21,18.72,221.93,9.03,4.05,202.82,98.68,45.45,69.84,63.86,80.87,77.69,8.64,11.62,9.96,13.09,6.04,10.09,12.45,16.77,65.07,80.08,77.05,8.54,11.56,13.85,6.08
COAL,0,100,001-099,FOSSIL  Coal Primary        001-099,2019,2023,82,213.75,57,57,10.4,10.33,"3,695.39","2,016.98",6.62,0,0,"5,712.37",335.4,5.11,562.68,0.87,22.57,0.07,159.08,1.39,1.25,0.01,"1,080.98","6,793.34",65.51,61.37,8.86,126.89,8.62,2.36,357.73,99.33,39.65,72.05,54.4,84.09,81.07,8.32,9.92,8.45,10.98,4.94,7.3,8.6,13.91,55.03,85.17,82.25,7.92,9.87,10.09,4.73
COAL,100,200,100-199,FOSSIL  Coal Primary        100-199,2019,2023,116,343.5,141,139,107.44,107.29,"4,496.78","1,375.58",4.52,0,0,"5,872.37",523.2,4.68,577.54,1.05,15.23,0.11,208.29,1.45,2.31,0.04,"1,326.57","7,198.94",155.15,55.65,12.93,210.8,8.23,2.93,41.91,99.86,41.49,67.04,62.46,81.57,77.66,10.42,13.48,10.79,11.16,7.27,10.19,12.48,17.12,61.88,80.99,77.22,11,14.05,11.37,7.65
COAL,200,300,200-299,FOSSIL  Coal Primary        200-299,2019,2023,76,292.25,229,228,11.03,10.74,"5,250.89","1,470.24",5.71,0,0,"6,721.14",412.19,6.19,624.77,1.33,21.11,0.12,415.15,3.67,23.08,0.18,"1,496.30","8,217.43",168.4,62.43,21.96,230.83,7.86,5.33,488.91,97.37,43.76,68.73,63.9,81.79,78.47,7.28,10.21,9.05,13.19,5.02,10.35,12.64,16.95,63.67,82.15,78.85,7.33,10.29,12.81,5.04
COAL,300,400,300-399,FOSSIL  Coal Primary        300-399,2019,2023,54,200.5,334,333,14.09,13.63,"4,671.02","1,915.33",9.45,0,0,"6,586.35",549.37,6.8,770.8,1.21,33.44,0.15,403.07,3.23,16.84,0.11,"1,773.51","8,359.86",253.64,64.14,38.73,317.78,9.62,5.02,342.7,96.74,36.66,65.57,55.87,78.79,74.74,10.52,15.27,12.79,14.64,6.57,11.59,15,22.01,55.9,78.74,74.73,10.64,15.35,14.61,6.66
COAL,400,600,400-599,FOSSIL  Coal Primary        400-599,2019,2023,129,525.42,488,486,12.17,11.81,"5,780.50","1,100.74",6,0,3.58,"6,884.83",490.47,6.71,715.4,1.28,60.31,0.17,301.67,2.76,2.72,0.04,"1,570.58","8,455.41",178.27,43.03,14.99,221.3,9.17,3.6,489.46,97.04,46.81,68.32,68.36,81.43,78.57,7.82,10.63,9.67,12.77,5.8,9.4,11.68,14.97,68.52,81.51,78.64,7.62,10.42,12.83,5.66
COAL,600,800,600-799,FOSSIL  Coal Primary        600-799,2019,2023,113,476.5,663,661,11.37,10.96,"5,739.36","1,107.71",5.63,0,0,"6,847.07",539.95,6.76,749.63,1.17,32.02,0.12,342.11,2.84,8.21,0.06,"1,671.92","8,518.98",183.56,44.66,18.44,228.22,9.18,4.11,523.66,96.39,49.54,73.5,67.37,80.37,77.38,8.6,11.49,10.45,13.29,6.34,10.45,12.92,16.54,67.4,80.38,77.41,8.6,11.47,13.28,6.34
COAL,800,1000,800-999,FOSSIL  Coal Primary        800-999,2019,2023,55,188.92,835,834,9.25,8.74,"5,324.39","1,565.42",5.31,0,0,"6,889.81",486.53,5.29,763.78,1.15,30.88,0.15,368.25,2.93,7,0.04,"1,656.43","8,546.24",157.68,28.13,26.58,185.81,9.3,4.39,609.2,94.49,42.29,67.81,62.3,80.62,78.41,8.37,11.04,9.8,13.69,5.69,10.08,12.21,16.79,62.36,80.9,78.72,8.13,10.77,13.58,5.52
COAL,1000,100000,1000 Plus,FOSSIL  Coal Primary      1000 Plus,2019,2023,12,51,"1,275","1,272",9.24,8.71,"5,285.98",712.11,4.14,0,0,"5,998.09",635.06,5.75,"1,298.55",1.35,31.38,0.22,698.97,3.65,0.52,0.02,"2,664.48","8,662.57",254.35,94.4,13.56,348.75,15.35,8.07,606.89,94.26,41.82,68.58,61.02,69.24,65.04,10.73,14.99,13.87,23.43,7.33,15.41,18.77,24.51,60.99,69.14,64.92,10.8,15.12,23.47,7.39
OIL,1000,100000,All Sizes,FOSSIL  Oil Primary       All Sizes,2019,2023,63,204.08,316,315,22.43,22.23,"1,902.37","4,553.30",23.3,0,0,"6,455.67",509.9,3,632.01,1.24,23.12,0.11,388.09,1.64,6.99,0.01,"1,560.11","8,015.78",254.43,15.4,83.44,269.83,8.17,4.93,85.58,99.11,4.87,44.9,23.73,80.54,77.06,21.14,30.63,14.9,13.1,6.36,11.29,14.6,40.37,10.84,82.38,80.36,21.86,31.47,14.59,3.03
OIL,0,100,001-099,FOSSIL  Oil Primary         001-099,2019,2023,15,66.58,68,68,49.16,48.89,"3,672.54","1,494.95",46.56,0,0,"5,167.49",954.49,3.72,293.63,0.26,0,0,501.8,1.52,0,0,"1,749.93","6,917.42",561.52,17.2,149.66,578.73,4.24,7.25,75.12,99.45,31.43,51.63,53.09,74.7,66.34,20.63,31.74,25.15,11.5,13.8,21.05,29.36,38.47,60.87,76.41,67.54,15.52,26.81,12.41,11.18
OIL,100,300,100-199,FOSSIL  Oil Primary         100-199,2019,2023,9,29,123,123,5.59,5.52,"2,620.60","4,728.06",7.62,0,0,"7,348.66",601.76,1.97,451.87,1.14,0,0,311.33,1.24,0,0,"1,364.96","8,713.62",240.26,6.63,19.88,246.89,5.19,3.57,474.75,98.75,20.14,59.02,30.07,84.34,81.5,18.67,25.97,16.32,8.76,6.91,10.48,13.29,32.59,34.12,84.47,81.25,15.74,23.35,9.16,6.37
,,,200-299,FOSSIL  Oil Primary         200-299,2019,2023,*,*,*,*,*,*,*,*,*,*,*,*,*,*,*,*,*,*,*,*,*,*,*,*,*,*,*,*,*,*,*,*,*,*,*,*,*,*,*,*,*,*,*,*,*,*,*,*,*,*,*,*
OIL,300,400,300-399,FOSSIL  Oil Primary         300-399,2019,2023,12,40.42,364,363,13.83,13.61,"1,316.57","5,142.55",13.41,0,0,"6,459.12",255.6,2.92,"1,007.62",2.23,8.06,0.05,368.03,1.95,0,0,"1,639.32","8,098.44",23.99,14.11,4.83,38.09,12.54,4.54,96.74,98.41,5.62,34.48,16.26,79.76,79.27,16.26,17.73,10.41,17.09,3.16,7.7,8.1,33.74,16.3,80.08,79.6,15.66,17.15,16.89,3.03
OIL,400,600,400-599,FOSSIL  Oil Primary         400-599,2019,2023,11,29.92,463,461,8.79,8.76,166.48,"7,240.90",13.24,0,0,"7,407.37",182.21,2.64,929.13,2.04,57.91,0.27,188.52,1.94,0,0,"1,357.77","8,765.15",24.62,34.47,22.36,59.09,11.26,2.15,19,99.66,0.7,37.17,1.9,84.51,83.55,52.26,55.74,20.36,13.41,2.08,4.23,4.74,69.28,1.89,84.31,83.35,53.44,56.85,13.52,2.17
OIL,600,800,600-799,FOSSIL  Oil Primary         600-799,2019,2023,7,19.42,608,604,12.1,12,284.29,"7,078.28",16.12,0,0,"7,362.57",300.85,3.61,719.71,1.49,49.41,0.26,221.72,0.93,73.5,0.15,"1,365.19","8,727.76",105.06,0.47,98.89,105.53,8.81,3.38,23.69,99.17,1.36,41.72,3.26,84.36,82.74,51.42,59.34,21.7,12.19,3.45,6.83,8.04,71.58,3.26,84.18,82.45,50.88,59.46,12.45,3.37
OIL,800,1000,800-999,FOSSIL  Oil Primary         800-999,2019,2023,7,13.67,812,809,3.73,3.29,79.28,"7,120.38",8.05,0,0,"7,199.66",75.8,1.98,968.17,1.68,124.4,0.51,342.14,1.98,0,0,"1,510.51","8,710.17",244.79,0,240.86,244.79,12.54,3.93,24.1,88.2,0.27,29.44,0.91,82.66,79.53,48.88,80.97,29.63,16.47,0.87,4.8,7.61,89.79,0.91,82.67,79.6,48.39,80.63,16.49,0.85
,,,1000 Plus,FOSSIL  Oil Primary       1000 Plus,2019,2023,*,*,*,*,*,*,*,*,*,*,*,*,*,*,*,*,*,*,*,*,*,*,*,*,*,*,*,*,*,*,*,*,*,*,*,*,*,*,*,*,*,*,*,*,*,*,*,*,*,*,*,*
GAS_SINGLE_FUEL,1000,100000,All Sizes,FOSSIL  Gas Primary       All Sizes,2019,2023,330,"1,297.00",240,240,37.91,37.43,"2,518.67","3,915.50",26.18,0,0,"6,434.17",560.06,4.75,840.55,1.6,51.05,0.12,368.47,2.66,6.14,0.03,"1,826.27","8,260.43",164.85,29.88,84.37,194.74,10.79,4.53,67.29,98.73,14.2,43.31,30.49,77.89,75.34,18.19,22.92,13.18,15.33,6.78,11.32,13.49,31.36,32.78,77.28,74.23,14.97,20.7,16.95,5.77
GAS_SINGLE_FUEL,0,100,001-099,FOSSIL  Gas Primary         001-099,2019,2023,83,318.33,53,53,35.05,34.85,"1,539.65","4,037.23",18.44,0,0,"5,576.88",883.14,3.14,570.13,1.1,42.84,0.04,380.5,1.41,1.34,0.01,"1,877.95","7,454.83",73.42,3.05,45.42,76.47,8.22,5.12,44.18,99.43,11.28,44.11,20.65,74.81,73.18,36.45,38.76,17.85,13.34,11.85,16.97,17.98,47.02,25.57,76.09,74.28,30.56,33.04,12.65,11.26
GAS_SINGLE_FUEL,100,200,100-199,FOSSIL  Gas Primary         100-199,2019,2023,101,394.08,131,131,57.45,56.92,"2,471.71","4,284.22",32.57,0,0,"6,755.93",456.65,4.63,849.84,1.55,29.31,0.08,330.84,2.44,2.03,0.04,"1,668.67","8,424.60",152.45,29.73,83.39,182.18,10.44,3.95,43.42,99.08,13.95,47.01,29.34,80.19,77.96,15.59,20.22,10.61,14.39,5.42,9.37,11.47,28.63,29.68,80.09,77.76,15.14,19.83,14.62,5.29
GAS_SINGLE_FUEL,200,300,200-299,FOSSIL  Gas Primary         200-299,2019,2023,43,150.17,235,235,23.01,22.67,"3,580.79","3,616.87",24.13,0,0,"7,197.66",303.54,4.03,817.38,1.41,19.2,0.11,248.37,2.74,0,0,"1,388.49","8,586.15",180.28,26.66,78.54,206.94,9.74,2.89,157.95,98.52,18.21,43.27,41.7,83.83,81.38,7.81,12.21,8.38,12.64,3.54,6.43,8.8,17.88,42.09,83.8,81.47,7.37,11.56,12.85,3.35
GAS_SINGLE_FUEL,300,400,300-399,FOSSIL  Gas Primary         300-399,2019,2023,35,142.5,343,342,32.69,32.08,"3,489.40","3,330.75",30.63,0,0,"6,820.16",374.16,5.98,"1,079.15",2.21,102.52,0.22,300.26,3.6,21.5,0.03,"1,877.60","8,697.75",179.43,36.95,79.9,216.37,13.59,3.7,108.77,98.13,15.27,38.04,40.12,78.41,75.76,9.68,14.04,9.76,17.29,4.3,8,10.32,20.95,40.13,78.3,75.73,9.58,13.8,17.44,4.25
GAS_SINGLE_FUEL,400,600,400-599,FOSSIL  Gas Primary         400-599,2019,2023,51,212.67,478,478,25.18,24.53,"2,829.70","3,442.12",24.38,0,0,"6,271.82",598.5,6.74,963.76,2.02,83.9,0.19,527.32,3.95,5.28,0.04,"2,178.75","8,450.57",259.11,64.41,117.5,323.52,12.4,6.3,115.36,97.42,14.75,44.39,33.49,74.22,70.33,17.46,24.19,16.21,18.7,7.08,13.38,16.53,34.18,33.23,74.37,70.55,17.22,23.94,18.72,6.91
GAS_SINGLE_FUEL,600,800,600-799,FOSSIL  Gas Primary         600-799,2019,2023,10,49.5,683,682,15.74,14.67,"2,460.31","3,655.91",17.52,0,0,"6,116.22",557.05,6.3,"1,447.38",2.36,114.9,0.42,493.26,3.6,39.18,0.14,"2,651.78","8,768.00",422.8,48.62,267.6,471.41,17.82,6.07,167.71,93.2,14.89,49.1,28.06,69.76,64.28,18.46,29.83,20.02,23.89,6.35,12.43,17.25,39.62,30.32,69.8,64.39,17.27,28.04,23.86,6.33
GAS_SINGLE_FUEL,800,1000,800-999,FOSSIL  Gas Primary         800-999,2019,2023,7,29.75,796,796,37.71,37.21,"1,479.17","5,852.83",40.61,0,0,"7,332.00",388.13,4.57,694.84,1.51,0,0,328.16,3.26,20.3,0.07,"1,431.43","8,763.43",56.89,23.46,23.1,80.35,7.93,3.98,39.75,98.67,5.17,30.92,16.88,83.67,82.75,20.79,23.54,10.62,11.91,4.43,8.41,9.29,35.84,16.72,83.29,82.38,21.19,23.86,12.21,4.49
,,,1000 Plus,FOSSIL  Gas Primary       1000 Plus,2019,2023,*,*,*,*,*,*,*,*,*,*,*,*,*,*,*,*,*,*,*,*,*,*,*,*,*,*,*,*,*,*,*,*,*,*,*,*,*,*,*,*,*,*,*,*,*,*,*,*,*,*,*,*
GAS_DUAL_FUEL,1000,100000,All Sizes,FOSSIL  Oil/Gas Primary   All Sizes,2019,2023,384,"1,501.08",251,250,35.81,35.37,"2,434.88","4,002.22",25.79,0,0,"6,437.09",553.24,4.51,812.2,1.55,47.25,0.12,371.14,2.52,6.25,0.03,"1,790.08","8,227.17",177.03,27.91,84.24,204.95,10.45,4.59,68.84,98.77,12.61,43.41,29.6,78.24,75.57,18.51,23.77,13.39,15.03,6.72,11.31,13.63,32.38,29.04,78.15,75.27,15.44,21.47,16.54,5.3
GAS_DUAL_FUEL,0,100,001-099,FOSSIL  Oil/Gas Primary     001-099,2019,2023,98,384.92,56,55,37.49,37.28,"1,908.60","3,597.46",23.31,0,0,"5,506.06",895.48,3.24,522.3,0.95,35.43,0.04,401.49,1.43,1.11,0.01,"1,855.80","7,361.87",157.85,5.5,63.45,163.35,7.58,5.47,51.2,99.44,15.41,46.97,25.93,74.79,72.06,31.93,36.73,18.81,13.04,12.16,17.63,19.83,44.64,32.81,76.15,72.9,25.52,30.94,12.6,11.24
GAS_DUAL_FUEL,100,200,100-199,FOSSIL  Oil/Gas Primary     100-199,2019,2023,109,423.08,130,130,53.9,53.39,"2,481.92","4,314.65",30.86,0,0,"6,796.56",466.6,4.45,822.56,1.52,27.3,0.08,329.5,2.36,1.89,0.04,"1,647.85","8,444.41",158.47,28.14,79.04,186.61,10.06,3.92,46.49,99.05,14.36,47.92,29.39,80.49,78.21,15.82,20.65,10.81,13.99,5.53,9.45,11.59,28.92,29.97,80.38,77.99,15.18,20.09,14.26,5.36
GAS_DUAL_FUEL,200,300,200-299,FOSSIL  Oil/Gas Primary     200-299,2019,2023,43,150.25,235,235,23.02,22.68,"3,579.85","3,618.06",24.15,0,0,"7,197.91",303.37,4.03,816.93,1.4,19.18,0.11,248.95,2.74,0,0,"1,388.43","8,586.34",180.18,26.64,78.5,206.82,9.74,2.9,157.84,98.52,18.21,43.27,41.69,83.83,81.39,7.81,12.21,8.37,12.64,3.53,6.43,8.8,17.89,42.08,83.8,81.48,7.37,11.56,12.85,3.35
GAS_DUAL_FUEL,300,400,300-399,FOSSIL  Oil/Gas Primary     300-399,2019,2023,44,182.92,348,347,28.53,28,"3,009.30","3,731.08",26.83,0,0,"6,740.38",347.96,5.3,"1,063.35",2.21,81.65,0.18,315.24,3.24,16.75,0.02,"1,824.95","8,565.33",145.08,31.9,63.32,176.98,13.37,3.88,107.48,98.14,13.17,37.68,35.13,78.69,76.49,10.36,14.41,9.58,17.24,4.06,7.94,9.85,22.41,34.94,78.69,76.58,10.24,14.16,17.32,3.99
GAS_DUAL_FUEL,400,600,400-599,FOSSIL  Oil/Gas Primary     400-599,2019,2023,62,242.58,476,476,23.16,22.58,"2,501.26","3,910.60",23.01,0,0,"6,411.86",547.16,6.23,959.49,2.02,80.69,0.2,485.53,3.7,4.63,0.03,"2,077.50","8,489.36",230.19,60.72,105.77,290.91,12.25,5.77,110.77,97.5,13.02,44.34,29.46,75.53,72.01,17.95,24.64,15.7,18.03,6.45,12.22,15.03,34.89,29.37,75.59,72.13,17.73,24.41,18.08,6.33
GAS_DUAL_FUEL,600,800,600-799,FOSSIL  Oil/Gas Primary     600-799,2019,2023,15,68.92,661,660,14.71,13.92,"1,847.24","4,620.13",17.12,0,0,"6,467.37",484.87,5.54,"1,242.37",2.12,96.45,0.38,416.76,2.84,48.85,0.15,"2,289.30","8,756.66",333.28,35.05,220.06,368.33,15.29,5.32,132.7,94.63,11.4,48.84,21.1,73.86,69.46,20.79,32.06,19.15,20.61,5.54,10.85,14.67,42.55,23.34,73.51,69.05,19.26,30.08,20.92,5.57
GAS_DUAL_FUEL,800,1000,800-999,FOSSIL  Oil/Gas Primary     800-999,2019,2023,12,43.42,801,800,27.02,26.53,"1,038.51","6,251.83",30.36,0,0,"7,290.34",289.82,3.75,780.88,1.57,39.16,0.16,332.56,2.86,13.91,0.05,"1,456.32","8,746.66",116.04,16.08,91.65,132.11,9.38,3.96,39.14,98.19,3.61,30.89,11.87,83.35,81.74,21.82,28.58,11.56,13.34,3.31,7.27,8.77,42.85,11.69,83.09,81.5,22.2,28.86,13.57,3.34
,,,1000 Plus,FOSSIL  Oil/Gas Primary   1000 Plus,2019,2023,*,*,*,*,*,*,*,*,*,*,*,*,*,*,*,*,*,*,*,*,*,*,*,*,*,*,*,*,*,*,*,*,*,*,*,*,*,*,*,*,*,*,*,*,*,*,*,*,*,*,*,*
,,,All Sizes,FOSSIL  Lignite Primary   All Sizes,2019,2023,18,77.75,522,520,10.95,10.59,"7,174.73",339.43,2.7,0,0,"7,514.16",382.64,7.38,591.62,1.23,36.46,0.26,143,1.67,1.45,0.05,"1,155.17","8,669.33",308.11,47.75,1.25,355.85,7.24,1.67,677.5,96.71,63.78,76.76,82.76,86.68,81.56,5.06,9.14,8.83,8.91,4.41,6.08,9.95,11.19,83.08,87.32,82.65,4.59,8.94,8.69,3.99
NUCLEAR,0,400,All Sizes,NUCLEAR All Types         All Sizes,2019,2023,104,457.42,"1,030","1,026",1.53,1.5,"8,081.90",0.6,0.01,0,0,"8,082.50",127.8,0.78,458.37,0.89,17.57,0.1,21.14,0.15,0.27,0,625.14,"8,707.64",39.68,81.42,0,121.1,5.47,0.25,"5,387.93",98.04,91.96,99.16,92.81,92.82,91.01,1.56,2.04,2.04,5.71,1.47,1.71,2.59,2.74,92.74,92.75,90.92,1.56,2.06,5.78,1.47
NUCLEAR,400,800,400-799,NUCLEAR All Types           400-799,2019,2023,11,43,624,619,1.26,1.26,"7,924.60",0,0,0,0,"7,924.60",211.62,0.74,431.53,0.77,5.69,0.05,38.47,0.12,0,0,687.31,"8,611.91",34.94,77.8,0,112.74,5.08,0.45,"6,289.37",100,90.04,97.91,92.02,92.02,89.8,2.6,3.03,3.03,5.52,2.46,2.9,3.48,3.67,91.96,91.96,89.8,2.68,3.12,5.51,2.53
NUCLEAR,800,1000,800-999,NUCLEAR All Types           800-999,2019,2023,37,161,892,889,1.51,1.48,"8,156.15",0,0,0,0,"8,156.15",102.1,0.81,409.41,0.8,29.68,0.11,19.96,0.12,0,0,561.14,"8,717.29",37.86,68.97,0,106.83,5.04,0.23,"5,510.91",98.01,93.23,99.72,93.56,93.56,92.06,1.24,1.69,1.69,5.27,1.17,1.4,2.2,2.32,93.49,93.49,91.99,1.27,1.73,5.31,1.2
NUCLEAR,1000,100000,1000 Plus,NUCLEAR All Types         1000 Plus,2019,2023,56,253.42,"1,187","1,181",1.58,1.55,"8,061.42",1.08,0.01,0,0,"8,062.50",129.9,0.77,494.02,0.96,11.89,0.09,18.95,0.17,0.49,0,655.25,"8,717.75",41.63,89.95,0,131.58,5.8,0.22,"5,200.92",98.1,91.52,98.99,92.47,92.48,90.54,1.59,2.09,2.09,6.03,1.49,1.71,2.68,2.85,92.45,92.46,90.51,1.6,2.12,6.03,1.51
,,,All Sizes,NUCLEAR PWR               All Sizes,2019,2023,61,271,"1,046","1,041",1.48,1.44,"8,037.65",0.86,0,0,0,"8,038.51",139.16,0.78,505.75,0.88,18.17,0.1,10.09,0.08,0,0,673.17,"8,711.68",29.9,53.53,0,83.43,6.01,0.12,"5,581.70",97.3,91.82,99.62,92.26,92.27,90.91,1.7,2.07,2.07,6.13,1.6,1.71,2.28,2.43,92.17,92.18,90.81,1.7,2.07,6.22,1.59
,,,400-799,NUCLEAR PWR                 400-799,2019,2023,4,17,616,609,1.24,1.24,"8,084.16",0,0,0,0,"8,084.16",236.82,0.88,444.2,0.71,0,0,0.46,0.06,0,0,681.49,"8,765.65",24.05,81.07,0,105.12,5.07,0.01,"6,519.48",100,92.15,99.85,92.23,92.23,89.99,2.85,3.14,3.14,5.07,2.7,2.71,3.1,3.26,92.29,92.29,90.21,2.93,3.24,4.93,2.78
,,,800-999,NUCLEAR PWR                 800-999,2019,2023,22,91,890,888,1.41,1.35,"8,135.89",0,0,0,0,"8,135.89",112.14,0.76,457.04,0.8,27.98,0.09,3.87,0.04,0,0,601.03,"8,736.92",27.4,40.39,0,67.79,5.55,0.04,"6,026.59",95.74,93.33,100.3,93.12,93.12,92.18,1.36,1.69,1.69,5.6,1.28,1.33,1.78,1.89,93.06,93.06,92.11,1.4,1.73,5.62,1.32
,,,1000 Plus,NUCLEAR PWR               1000 Plus,2019,2023,35,163,"1,178","1,172",1.54,1.5,"7,977.96",1.43,0.01,0,0,"7,979.39",144.06,0.79,539.36,0.94,14.58,0.12,14.57,0.1,0,0,712.57,"8,691.96",31.9,58,0,89.9,6.37,0.17,"5,318.64",97.4,91.16,99.32,91.79,91.8,90.29,1.77,2.17,2.17,6.54,1.66,1.83,2.48,2.65,91.79,91.81,90.3,1.76,2.15,6.55,1.65
,,,All Sizes,NUCLEAR BWR               All Sizes,2019,2023,30,136,"1,061","1,057",1.64,1.63,"8,243.83",0.3,0.01,0,0,"8,244.14",101.37,0.74,342.66,0.87,7.92,0.06,29.61,0.28,0.91,0.01,482.46,"8,726.60",48.96,134.18,0,183.13,4.02,0.35,"5,057.56",99.39,93.33,98.96,94.47,94.47,91.97,1.21,1.8,1.8,4.37,1.16,1.51,2.89,3.01,94.3,94.31,91.81,1.3,1.9,4.45,1.24
,,,400-799,NUCLEAR BWR                 400-799,2019,2023,*,*,*,*,*,*,*,*,*,*,*,*,*,*,*,*,*,*,*,*,*,*,*,*,*,*,*,*,*,*,*,*,*,*,*,*,*,*,*,*,*,*,*,*,*,*,*,*,*,*,*,*
,,,800-999,NUCLEAR BWR                 800-999,2019,2023,9,45,891,886,1.76,1.76,"8,314.43",0,0,0,0,"8,314.43",97.13,0.84,302.7,0.8,12.56,0.09,37.98,0.27,0,0,450.37,"8,764.80",45.08,105.58,0,150.66,3.6,0.43,"4,724.11",100,94.83,99.98,94.86,94.86,92.63,1.15,1.69,1.69,4.03,1.11,1.54,2.74,2.85,94.84,94.84,92.66,1.17,1.72,4.03,1.13
,,,1000 Plus,NUCLEAR BWR               1000 Plus,2019,2023,18,82,"1,201","1,197",1.65,1.63,"8,246.69",0.5,0.02,0,0,"8,247.20",109.12,0.73,375.69,0.94,3.26,0.02,27.32,0.3,1.5,0.01,516.9,"8,764.10",50.69,148.77,0,199.47,4.32,0.33,"5,059.32",98.79,92.81,98.74,94.1,94.1,91.54,1.31,1.91,1.91,4.65,1.25,1.57,3.06,3.2,93.99,94,91.43,1.39,2.01,4.68,1.32
,,,All Sizes,NUCLEAR CANDU             All Sizes,2019,2023,*,*,*,*,*,*,*,*,*,*,*,*,*,*,*,*,*,*,*,*,*,*,*,*,*,*,*,*,*,*,*,*,*,*,*,*,*,*,*,*,*,*,*,*,*,*,*,*,*,*,*,*
,,,All Sizes,JET ENGINE                All Sizes,2019,2023,204,909.42,41,39,85.01,84.13,435.16,"7,224.22",88.93,0,82.38,"7,741.76",292.51,5.44,406.79,2.61,15.26,0.05,222.87,3.99,4.65,0.04,942.07,"8,683.83",57.89,30.19,54.44,88.08,4.86,2.62,5.17,98.96,5.62,82.16,5.01,89.15,85.79,36.11,40.53,9.04,7.48,3.37,5.99,6.82,53.06,6.85,88.6,83.92,31.65,36.76,7.75,3.65
,,,001-019,JET ENGINE                  001-019,2019,2023,22,98,14,14,12.94,12.64,99.24,"8,044.62",19.58,0,0,"8,143.86",181.15,2.71,191,1.11,0,0,246.31,3.44,2.58,0.01,621.03,"8,764.90",2.9,0.44,2.7,3.33,2.18,2.84,7.85,97.68,0.14,13.43,1.13,92.91,92.78,64.61,65.01,17.44,5.02,2.07,4.91,4.94,81.42,1.08,92.6,92.5,68.12,68.49,5.1,2.31
,,,20 Plus,JET ENGINE                  20 Plus,2019,2023,182,811.42,44,42,93.72,92.77,475.73,"7,125.13",97.31,0,92.33,"7,693.19",305.96,5.77,432.85,2.79,17.1,0.06,220.03,4.06,4.9,0.04,980.84,"8,674.03",64.53,33.78,60.68,98.31,5.19,2.59,5.13,98.99,5.84,82.57,5.48,88.69,84.93,35.01,39.64,9.09,7.78,3.53,6.12,7.05,51.52,7.07,88.44,83.58,31.24,36.43,7.86,3.7
,,,All Sizes,GAS TURBINE               All Sizes,2019,2023,592,"2,662.75",69,67,58.04,57.29,467.46,"7,133.36",58.86,0,0,"7,600.82",384.8,4.16,416.57,1.8,17.78,0.04,188.94,2.8,12.56,0.02,"1,020.64","8,621.46",33.83,6.23,30.39,40.07,5.04,2.34,8.16,98.71,4.86,68.99,5.42,88.16,85.1,45.15,47.43,10.32,7.38,4.46,6.8,7.23,57.19,7.04,88.91,85.43,32.45,35.22,7.71,3.38
,,,001-019,GAS TURBINE                 001-019,2019,2023,83,328.75,15,15,27.68,26.38,106.05,"7,074.93",32.75,0,0,"7,180.98",503.6,3.47,255.03,0.78,28.34,0.07,194.96,2.46,41.22,0.06,"1,023.15","8,204.13",5.18,5.11,5.01,10.29,3.45,2.88,4.02,95.3,0.66,51.47,1.29,87.53,86.41,82.6,82.77,16.56,6.33,6.14,9.02,9.09,87.5,1.28,87.88,86.72,82.35,82.52,6.15,5.97
,,,020-049,GAS TURBINE                 020-049,2019,2023,117,514.58,30,29,77.4,76.78,425.78,"7,034.91",65.03,0,0,"7,460.69",568.48,4.38,310.22,1.73,13.73,0.03,194.93,3.57,3.06,0.01,"1,090.43","8,551.12",18.76,0.5,17.19,19.26,3.79,2.32,5.55,99.2,5.22,78.91,4.98,87.25,84.34,57.18,58.06,11.37,6.1,6.65,8.96,9.19,64.94,6.62,87.66,84.75,45.97,47.01,6.71,5.63
,,,50 Plus,GAS TURBINE                 50 Plus,2019,2023,392,"1,819.42",89,86,58.05,57.36,544.55,"7,171.76",61.83,0,0,"7,716.31",311.38,4.22,475.84,2,17.01,0.04,186.16,2.64,10.06,0.02,"1,000.45","8,716.77",43.28,8.06,38.71,51.34,5.65,2.25,9.49,98.81,4.95,68.22,6.25,88.52,85.08,36.38,39.64,9.39,7.91,3.57,5.82,6.37,50.53,7.25,89.06,85.46,29.89,32.97,7.85,3.09
,,,All Sizes,COMBINED CYCLE            All Sizes,2019,2023,346,"1,469.67",319,312,60.14,59.55,"4,978.54","2,526.23",54.16,0,0.09,"7,504.86",271.83,5.35,690.37,2.42,30.78,0.17,166.58,2.11,1.63,0.03,"1,161.21","8,666.07",47.55,50.64,14.79,98.19,8.32,1.94,83.6,99.02,56.31,81.95,57.45,86.6,83.38,5.18,6.07,4.71,10.26,3.14,5.08,5.85,9.31,68.71,87.45,83.95,3,4.01,10.42,2.13
,,,All Sizes,HYDRO                     All Sizes,2019,2023,905,"4,332.92",66,66,116.16,116.06,"5,165.21","1,528.80",40.82,6.58,157.76,"6,858.35",621.75,3.4,988.62,2.78,23.9,0.03,163.93,2.33,12.17,0.01,"1,810.37","8,668.72",9.48,11.44,2.05,20.92,11.68,2.03,44.5,99.91,32.85,55.34,59.58,79.12,78.58,10.45,10.6,8.75,13.71,7.17,9.2,9.32,13.18,59.36,80.47,80.01,5.48,5.6,15.98,3.55
,0,30,001-029,HYDRO                       001-029,2019,2023,335,"1,610.92",11,11,32,31.94,"5,024.49","1,137.02",14.52,13.56,115.38,"6,290.45","1,111.47",5.22,851.07,1.75,17.56,0.04,231.41,2.18,4.11,0.01,"2,215.60","8,506.05",13.36,7.67,0.07,21.03,10.21,2.77,157.31,99.81,31.96,51.35,59.07,73.95,73.59,17.74,17.95,15.82,12.98,13.07,15.84,16,20.93,62.25,78.31,77.97,11.99,12.32,12.91,8.78
,30,100000,30 Plus,HYDRO                       30 Plus,2019,2023,570,"2,722.00",99,99,165.97,165.85,"5,248.49","1,760.67",56.39,2.45,182.84,"7,194.45",331.93,2.32,"1,070.03",3.39,27.65,0.02,123.99,2.42,16.94,0.01,"1,570.54","8,764.99",7.19,13.66,3.22,20.86,12.52,1.61,31.65,99.93,32.91,55.63,59.88,82.08,81.44,5.76,5.88,4.69,14.13,3.79,5.39,5.48,8.13,59.16,80.62,80.15,4.97,5.07,16.19,3.19
PUMPED_STORAGE,0,100000,All Sizes,PUMPED STORAGE            All Sizes,2019,2023,111,533,130,129,232.1,231.98,"2,279.67","3,559.91",201.02,990.87,247.43,"7,077.88",445.79,2.65,989.92,2.56,33.11,0.13,217.35,4.79,0.54,0.01,"1,686.71","8,764.59",10.88,1.36,5.28,12.24,11.67,2.49,9.83,99.95,7.83,48.99,26.01,80.76,80.44,11.25,11.51,7.59,14.16,5.09,7.57,7.7,16.12,15.99,78.31,77.61,13.44,13.87,16.73,4.97
,,,,MULTIBOILER/MULTI-TURBINE All Sizes,2019,2023,21,89,322,319,13.63,13.26,"3,975.24","2,630.62",12.2,0,0,"6,605.85",603.99,4.09,834.53,1.58,29.62,0.11,454.89,2.84,6.18,0.02,"1,929.20","8,535.06",402.13,158.5,56.74,560.63,10.12,5.4,299.79,97.29,19.89,54.48,46.58,77.4,69.78,13.19,21.7,16.06,15.53,7.08,12.48,17.99,29.82,36.5,76.39,70.39,7.53,17.12,20.64,2.97
,0,100000,All Sizes,GEOTHERMAL                All Sizes,2019,2023,48,210.42,35,33,6.58,6.34,"7,693.02",4.24,0.06,0,0,"7,697.26",380.09,4.68,59.6,0.45,13.75,0.03,147.96,1.75,4.25,0.02,605.65,"8,302.91",44.92,17.25,1.71,62.18,0.88,1.83,"1,213.41",96.35,72.85,78.83,92.65,92.71,87.74,4.71,5.26,5.26,2.72,4.58,6.41,7.05,7.12,92.41,92.42,88.45,4.7,5.13,3.02,4.56
,,,All Sizes,DIESEL                    All Sizes,2019,2023,215,822.58,11,11,184.18,182.94,"1,628.45","6,318.61",156.38,0,0,"7,947.06",301.62,9.24,261.37,1.67,1.39,0.01,130.25,3.91,1.36,0.01,696,"8,643.06",30.33,18,20.15,48.33,3.04,1.52,8.9,99.33,17.71,65.45,18.84,91.95,91.27,15.63,17.02,6.4,4.56,3.49,5.01,5.44,22.51,27.05,93.92,92.13,9.09,11.64,3.37,2.71
